Protocollo;Gruppo;DataOraIncidente;Localizzazione1;STRADA1;Localizzazione2;STRADA2;Strada02;Chilometrica;DaSpecificare;NaturaIncidente;particolaritastrade;TipoStrada;FondoStradale;Pavimentazione;Segnaletica;CondizioneAtmosferica;Traffico;Visibilita;Illuminazione;NUM_FERITI;NUM_RISERVATA;NUM_MORTI;NUM_ILLESI;Longitudine;Latitudine;Confermato;Progressivo;TipoVeicolo;StatoVeicolo;TipoPersona;Sesso;Tipolesione;Deceduto;DecedutoDopo;CinturaCascoUtilizzato;Airbag
1698591;17;06/08/2006 20:30;Strada Urbana;VIALE GIULIO CESARE;all'intersezione con;VIA ALESSANDRO FARNESE;VIA ALESSANDRO FARNESE;;;Scontro frontale/laterale SX fra veicoli in marcia;Incrocio;Una carreggiata a senso unico di marcia;Asciutto;Asfaltata;Verticale ed orizzontale;Sereno;Scarso;Sufficiente;Sufficiente;1;0;0;2;;;-1;1;Autovettura privata;In marcia / fermata / arresto;Conducente;F;Illeso;0;;Non accertato;Inesistente
1698591;17;06/08/2006 20:30;Strada Urbana;VIALE GIULIO CESARE;all'intersezione con;VIA ALESSANDRO FARNESE;VIA ALESSANDRO FARNESE;;;Scontro frontale/laterale SX fra veicoli in marcia;Incrocio;Una carreggiata a senso unico di marcia;Asciutto;Asfaltata;Verticale ed orizzontale;Sereno;Scarso;Sufficiente;Sufficiente;1;0;0;2;;;-1;1;Autovettura privata;In marcia / fermata / arresto;Passeggero;F;Illeso;0;;Non accertato;Inesistente
1698591;17;06/08/2006 20:30;Strada Urbana;VIALE GIULIO CESARE;all'intersezione con;VIA ALESSANDRO FARNESE;VIA ALESSANDRO FARNESE;;;Scontro frontale/laterale SX fra veicoli in marcia;Incrocio;Una carreggiata a senso unico di marcia;Asciutto;Asfaltata;Verticale ed orizzontale;Sereno;Scarso;Sufficiente;Sufficiente;1;0;0;2;;;-1;2;Motociclo a solo;In marcia / fermata / arresto;Conducente;M;Ricoverato;0;NON DECEDUTO;Non accertato;Inesistente
1698592;17;09/08/2006 10:20;Strada Urbana;VIA LEONE IV;in corrispondenza;;del civico n. ;127;;Scontro laterale fra veicoli in marcia;Rettilineo;Una carreggiata a doppio senso;Asciutto;Asfaltata;Verticale ed orizzontale;Nuvoloso;Normale;Buona;Ore Diurne;1;0;0;4;;;-1;1;Motociclo a solo;In marcia / fermata / arresto;Conducente;F;Rifiuta cure immediate;0;NON DECEDUTO;Non accertato;Inesistente
1698592;17;09/08/2006 10:20;Strada Urbana;VIA LEONE IV;in corrispondenza;;del civico n. ;127;;Scontro laterale fra veicoli in marcia;Rettilineo;Una carreggiata a doppio senso;Asciutto;Asfaltata;Verticale ed orizzontale;Nuvoloso;Normale;Buona;Ore Diurne;1;0;0;4;;;-1;2;Autovettura privata;In marcia / fermata / arresto;Conducente;F;Illeso;0;;Non accertato;Inesistente
1698592;17;09/08/2006 10:20;Strada Urbana;VIA LEONE IV;in corrispondenza;;del civico n. ;127;;Scontro laterale fra veicoli in marcia;Rettilineo;Una carreggiata a doppio senso;Asciutto;Asfaltata;Verticale ed orizzontale;Nuvoloso;Normale;Buona;Ore Diurne;1;0;0;4;;;-1;2;Autovettura privata;In marcia / fermata / arresto;Passeggero;F;Illeso;0;;Non accertato;Inesistente
1698592;17;09/08/2006 10:20;Strada Urbana;VIA LEONE IV;in corrispondenza;;del civico n. ;127;;Scontro laterale fra veicoli in marcia;Rettilineo;Una carreggiata a doppio senso;Asciutto;Asfaltata;Verticale ed orizzontale;Nuvoloso;Normale;Buona;Ore Diurne;1;0;0;4;;;-1;2;Autovettura privata;In marcia / fermata / arresto;Passeggero;F;Illeso;0;;Non accertato;Inesistente
1698592;17;09/08/2006 10:20;Strada Urbana;VIA LEONE IV;in corrispondenza;;del civico n. ;127;;Scontro laterale fra veicoli in marcia;Rettilineo;Una carreggiata a doppio senso;Asciutto;Asfaltata;Verticale ed orizzontale;Nuvoloso;Normale;Buona;Ore Diurne;1;0;0;4;;;-1;2;Autovettura privata;In marcia / fermata / arresto;Passeggero;M;Illeso;0;;Non accertato;Inesistente
1698611;18;02/08/2006 15:50;Strada Urbana;VIA DI VAL CANNUTA;all'intersezione con;VIA GIORGIO DEL VECCHIO;VIA GIORGIO DEL VECCHIO;;;Scontro laterale fra veicoli in marcia;Intersezione stradale segnalata;Una carreggiata a doppio senso;Asciutto;Asfaltata;Verticale ed orizzontale;Sereno;Normale;Buona;Ore Diurne;1;0;0;1;;;-1;1;Autovettura privata;In marcia / fermata / arresto;Conducente;M;Illeso;0;;Utilizzato;Inesploso
1698611;18;02/08/2006 15:50;Strada Urbana;VIA DI VAL CANNUTA;all'intersezione con;VIA GIORGIO DEL VECCHIO;VIA GIORGIO DEL VECCHIO;;;Scontro laterale fra veicoli in marcia;Intersezione stradale segnalata;Una carreggiata a doppio senso;Asciutto;Asfaltata;Verticale ed orizzontale;Sereno;Normale;Buona;Ore Diurne;1;0;0;1;;;-1;2;Ciclomotore;In marcia / fermata / arresto;Conducente;F;Rimandato;0;NON DECEDUTO;Utilizzato;Inesistente
1698810;8;23/08/2006 20:50;Strada Urbana;VIALE DELLA SORBONA;da specificare;;;;2° rotatoria  da via del Fosso di Santa Maura;Fuoriuscita dalla sede stradale;Curva a visuale libera;Due carreggiate;Asciutto;Asfaltata;Verticale ed orizzontale;Sereno;Normale;Sufficiente;Sufficiente;0;0;1;0;;;-1;1;Motociclo con passeggero;In marcia / fermata / arresto;Conducente;M;Deceduto durante prime cure;-1;;Non accertato;Inesistente
1698872;17;02/08/2006 12:30;Strada Urbana;VIA VIRGINIO ORSINI;all'intersezione con;VIA DEI GRACCHI;VIA DEI GRACCHI;;;Investimento di pedone;Incrocio;Una carreggiata a senso unico di marcia;Asciutto;Asfaltata;Verticale ed orizzontale;Sereno;Normale;Buona;Ore Diurne;0;0;0;2;;;-1;;;;Pedone;F;Illeso;0;;;
1698872;17;02/08/2006 12:30;Strada Urbana;VIA VIRGINIO ORSINI;all'intersezione con;VIA DEI GRACCHI;VIA DEI GRACCHI;;;Investimento di pedone;Incrocio;Una carreggiata a senso unico di marcia;Asciutto;Asfaltata;Verticale ed orizzontale;Sereno;Normale;Buona;Ore Diurne;0;0;0;2;;;-1;1;Autovettura privata;In marcia / fermata / arresto;Conducente;M;Illeso;0;;Non accertato;Inesistente
1698873;17;04/08/2006 09:15;Strada Urbana;PIAZZA DELLE CINQUE GIORNATE;all'intersezione con;VIALE DELLE MILIZIE;VIALE DELLE MILIZIE;;;Infortunio per caduta del veicolo;Incrocio;Una carreggiata a senso unico di marcia;Asciutto;Asfaltata;Verticale ed orizzontale;Sereno;Normale;Buona;Ore Diurne;0;0;0;5;;;-1;1;Autovettura privata;In marcia / fermata / arresto;Conducente;M;Illeso;0;;Non accertato;Inesistente
1698873;17;04/08/2006 09:15;Strada Urbana;PIAZZA DELLE CINQUE GIORNATE;all'intersezione con;VIALE DELLE MILIZIE;VIALE DELLE MILIZIE;;;Infortunio per caduta del veicolo;Incrocio;Una carreggiata a senso unico di marcia;Asciutto;Asfaltata;Verticale ed orizzontale;Sereno;Normale;Buona;Ore Diurne;0;0;0;5;;;-1;1;Autovettura privata;In marcia / fermata / arresto;Passeggero;F;Illeso;0;;Non accertato;Inesistente
1698873;17;04/08/2006 09:15;Strada Urbana;PIAZZA DELLE CINQUE GIORNATE;all'intersezione con;VIALE DELLE MILIZIE;VIALE DELLE MILIZIE;;;Infortunio per caduta del veicolo;Incrocio;Una carreggiata a senso unico di marcia;Asciutto;Asfaltata;Verticale ed orizzontale;Sereno;Normale;Buona;Ore Diurne;0;0;0;5;;;-1;1;Autovettura privata;In marcia / fermata / arresto;Passeggero;M;Illeso;0;;Non accertato;Inesistente
1698873;17;04/08/2006 09:15;Strada Urbana;PIAZZA DELLE CINQUE GIORNATE;all'intersezione con;VIALE DELLE MILIZIE;VIALE DELLE MILIZIE;;;Infortunio per caduta del veicolo;Incrocio;Una carreggiata a senso unico di marcia;Asciutto;Asfaltata;Verticale ed orizzontale;Sereno;Normale;Buona;Ore Diurne;0;0;0;5;;;-1;2;Motociclo a solo;In marcia / fermata / arresto;Conducente;M;Illeso;0;;Non accertato;Inesistente
1698877;18;03/08/2006 16:10;Strada Urbana;VIA DI BOCCEA;all'intersezione semaforizzata con;VIA DI TORREVECCHIA;VIA DI TORREVECCHIA;;;Veicolo in marcia contro ostacolo accidentale;Intersezione semaforizzata;Più di due carreggiate;Asciutto;Con buche;Verticale;Nuvoloso;Intenso;Buona;Ore Diurne;0;0;0;1;;;-1;1;Motociclo a solo;In marcia / fermata / arresto;Conducente;M;Illeso;0;;Non accertato;Inesistente
1698878;18;04/08/2006 12:40;Strada Urbana;PIAZZA IRNERIO;all'intersezione semaforizzata con;VIA BALDO DEGLI UBALDI;VIA BALDO DEGLI UBALDI;;;Scontro frontale/laterale SX fra veicoli in marcia;Intersezione semaforizzata;Più di due carreggiate;Asciutto;Asfaltata;Verticale ed orizzontale;Sereno;Normale;Buona;Ore Diurne;1;0;0;1;;;-1;1;Autovettura privata;In marcia / fermata / arresto;Conducente;M;Illeso;0;;Non accertato;Inesploso
1698878;18;04/08/2006 12:40;Strada Urbana;PIAZZA IRNERIO;all'intersezione semaforizzata con;VIA BALDO DEGLI UBALDI;VIA BALDO DEGLI UBALDI;;;Scontro frontale/laterale SX fra veicoli in marcia;Intersezione semaforizzata;Più di due carreggiate;Asciutto;Asfaltata;Verticale ed orizzontale;Sereno;Normale;Buona;Ore Diurne;1;0;0;1;;;-1;2;Motociclo a solo;In marcia / fermata / arresto;Conducente;F;Ricoverato;0;NON DECEDUTO;Non accertato;Inesistente
1699018;17;02/08/2006 18:30;Strada Urbana;VIA DEGLI SCIPIONI;all'intersezione con;VIA SILLA;VIA SILLA;;;Scontro frontale/laterale DX fra veicoli in marcia;Incrocio;Una carreggiata a senso unico di marcia;Asciutto;Asfaltata;Verticale ed orizzontale;Sereno;Intenso;Buona;Ore Diurne;1;0;0;2;;;-1;1;Motociclo con passeggero;In marcia / fermata / arresto;Conducente;M;Illeso;0;;Non accertato;Inesistente
1699018;17;02/08/2006 18:30;Strada Urbana;VIA DEGLI SCIPIONI;all'intersezione con;VIA SILLA;VIA SILLA;;;Scontro frontale/laterale DX fra veicoli in marcia;Incrocio;Una carreggiata a senso unico di marcia;Asciutto;Asfaltata;Verticale ed orizzontale;Sereno;Intenso;Buona;Ore Diurne;1;0;0;2;;;-1;1;Motociclo con passeggero;In marcia / fermata / arresto;Passeggero;F;Rimandato;0;NON DECEDUTO;Non accertato;Inesistente
1699018;17;02/08/2006 18:30;Strada Urbana;VIA DEGLI SCIPIONI;all'intersezione con;VIA SILLA;VIA SILLA;;;Scontro frontale/laterale DX fra veicoli in marcia;Incrocio;Una carreggiata a senso unico di marcia;Asciutto;Asfaltata;Verticale ed orizzontale;Sereno;Intenso;Buona;Ore Diurne;1;0;0;2;;;-1;2;Autovettura privata;In marcia / fermata / arresto;Conducente;F;Illeso;0;;Non accertato;Inesistente
1699019;17;03/08/2006 18:00;Strada Urbana;LUNGOTEVERE IN SASSIA;da specificare;;;;altezza fronte civico 1;Scontro laterale fra veicoli in marcia;Rettilineo;Una carreggiata a senso unico di marcia;Asciutto;Asfaltata;Orizzontale;Sereno;Intenso;Buona;Ore Diurne;1;0;0;1;;;-1;1;Motociclo a solo;In marcia / fermata / arresto;Conducente;M;Rimandato;0;NON DECEDUTO;Non accertato;Inesistente
1699019;17;03/08/2006 18:00;Strada Urbana;LUNGOTEVERE IN SASSIA;da specificare;;;;altezza fronte civico 1;Scontro laterale fra veicoli in marcia;Rettilineo;Una carreggiata a senso unico di marcia;Asciutto;Asfaltata;Orizzontale;Sereno;Intenso;Buona;Ore Diurne;1;0;0;1;;;-1;2;Motociclo a solo;In marcia / fermata / arresto;Conducente;M;Illeso;0;;Non accertato;Inesistente
1699020;17;06/08/2006 06:45;Strada Urbana;VIA MARCANTONIO BRAGADIN;all'intersezione con;VIA FRANCESCO SIVORI;VIA FRANCESCO SIVORI;;;Scontro frontale/laterale SX fra veicoli in marcia;Incrocio;Una carreggiata a doppio senso;Asciutto;Asfaltata;Verticale ed orizzontale;Sereno;Scarso;Buona;Ore Diurne;2;0;0;1;;;-1;1;Autovettura privata;In marcia / fermata / arresto;Conducente;F;Rimandato;0;NON DECEDUTO;Non accertato;Inesistente
1699020;17;06/08/2006 06:45;Strada Urbana;VIA MARCANTONIO BRAGADIN;all'intersezione con;VIA FRANCESCO SIVORI;VIA FRANCESCO SIVORI;;;Scontro frontale/laterale SX fra veicoli in marcia;Incrocio;Una carreggiata a doppio senso;Asciutto;Asfaltata;Verticale ed orizzontale;Sereno;Scarso;Buona;Ore Diurne;2;0;0;1;;;-1;2;Motociclo con passeggero;In marcia / fermata / arresto;Conducente;M;Rimandato;0;NON DECEDUTO;Non accertato;Inesistente
1699020;17;06/08/2006 06:45;Strada Urbana;VIA MARCANTONIO BRAGADIN;all'intersezione con;VIA FRANCESCO SIVORI;VIA FRANCESCO SIVORI;;;Scontro frontale/laterale SX fra veicoli in marcia;Incrocio;Una carreggiata a doppio senso;Asciutto;Asfaltata;Verticale ed orizzontale;Sereno;Scarso;Buona;Ore Diurne;2;0;0;1;;;-1;2;Motociclo con passeggero;In marcia / fermata / arresto;Passeggero;M;Illeso;0;;Non accertato;Inesistente
1699021;17;08/08/2006 11:00;Strada Urbana;PIAZZA AMERICO CAPPONI;in prossimità;;del civico n. ;15;;Scontro laterale fra veicoli in marcia;Rettilineo;Una carreggiata a senso unico di marcia;Asciutto;Asfaltata;Assente;Sereno;Normale;Buona;Ore Diurne;1;0;0;1;;;-1;1;Autovettura privata;In marcia / fermata / arresto;Conducente;M;Illeso;0;;Non accertato;Inesistente
1699021;17;08/08/2006 11:00;Strada Urbana;PIAZZA AMERICO CAPPONI;in prossimità;;del civico n. ;15;;Scontro laterale fra veicoli in marcia;Rettilineo;Una carreggiata a senso unico di marcia;Asciutto;Asfaltata;Assente;Sereno;Normale;Buona;Ore Diurne;1;0;0;1;;;-1;2;Ciclomotore;In marcia / fermata / arresto;Conducente;M;Rimandato;0;NON DECEDUTO;Non accertato;Inesistente
1699026;18;02/08/2006 18:20;Comunale extraurbana;VIA DI CASAL SELCE;in prossimità;;del civico n. ;145;;Tamponamento Multiplo;Rettilineo;Una carreggiata a doppio senso;Asciutto;Asfaltata;Verticale ed orizzontale;Sereno;Normale;Buona;Ore Diurne;3;0;0;2;;;-1;1;Autovettura privata;In marcia / fermata / arresto;Conducente;M;Rimandato;0;NON DECEDUTO;Utilizzato;Inesistente
1699026;18;02/08/2006 18:20;Comunale extraurbana;VIA DI CASAL SELCE;in prossimità;;del civico n. ;145;;Tamponamento Multiplo;Rettilineo;Una carreggiata a doppio senso;Asciutto;Asfaltata;Verticale ed orizzontale;Sereno;Normale;Buona;Ore Diurne;3;0;0;2;;;-1;2;Autovettura privata;In marcia / fermata / arresto;Conducente;F;Rimandato;0;NON DECEDUTO;Non accertato;Inesistente
1699026;18;02/08/2006 18:20;Comunale extraurbana;VIA DI CASAL SELCE;in prossimità;;del civico n. ;145;;Tamponamento Multiplo;Rettilineo;Una carreggiata a doppio senso;Asciutto;Asfaltata;Verticale ed orizzontale;Sereno;Normale;Buona;Ore Diurne;3;0;0;2;;;-1;2;Autovettura privata;In marcia / fermata / arresto;Passeggero;F;Rimandato;0;NON DECEDUTO;Non accertato;Inesistente
1699026;18;02/08/2006 18:20;Comunale extraurbana;VIA DI CASAL SELCE;in prossimità;;del civico n. ;145;;Tamponamento Multiplo;Rettilineo;Una carreggiata a doppio senso;Asciutto;Asfaltata;Verticale ed orizzontale;Sereno;Normale;Buona;Ore Diurne;3;0;0;2;;;-1;2;Autovettura privata;In marcia / fermata / arresto;Passeggero;F;Illeso;0;;Non accertato;Inesistente
1699026;18;02/08/2006 18:20;Comunale extraurbana;VIA DI CASAL SELCE;in prossimità;;del civico n. ;145;;Tamponamento Multiplo;Rettilineo;Una carreggiata a doppio senso;Asciutto;Asfaltata;Verticale ed orizzontale;Sereno;Normale;Buona;Ore Diurne;3;0;0;2;;;-1;3;Autocarro inferiore 35 q.;In marcia / fermata / arresto;Conducente;M;Illeso;0;;Utilizzato;Inesistente
1699027;18;18/08/2006 04:50;Statale;VIA AURELIA;in corrispondenza;;della chilometrica ;9,9;;Veicolo in marcia contro ostacolo fisso;Pendenza;Due carreggiate;Bagnato (pioggia);Asfaltata;Orizzontale;Pioggia in atto;Normale;Buona;Sufficiente;1;0;0;0;;;-1;1;Autovettura privata;In marcia / fermata / arresto;Conducente;F;Rimandato;0;NON DECEDUTO;Non accertato;Esploso
1699137;17;04/08/2006 09:00;Strada Urbana;VIA ANDREA DORIA;in prossimità;;del civico n. ;40;;Tamponamento Multiplo;Rettilineo;Una carreggiata a doppio senso;Asciutto;Asfaltata;Verticale ed orizzontale;Sereno;Intenso;Buona;Ore Diurne;1;0;0;2;;;-1;1;Autocarro inferiore 35 q.;In marcia / fermata / arresto;Conducente;M;Illeso;0;;Non accertato;Inesistente
1699137;17;04/08/2006 09:00;Strada Urbana;VIA ANDREA DORIA;in prossimità;;del civico n. ;40;;Tamponamento Multiplo;Rettilineo;Una carreggiata a doppio senso;Asciutto;Asfaltata;Verticale ed orizzontale;Sereno;Intenso;Buona;Ore Diurne;1;0;0;2;;;-1;2;Autocarro inferiore 35 q.;In marcia / fermata / arresto;Conducente;M;Rimandato;0;NON DECEDUTO;Non accertato;Inesistente
1699137;17;04/08/2006 09:00;Strada Urbana;VIA ANDREA DORIA;in prossimità;;del civico n. ;40;;Tamponamento Multiplo;Rettilineo;Una carreggiata a doppio senso;Asciutto;Asfaltata;Verticale ed orizzontale;Sereno;Intenso;Buona;Ore Diurne;1;0;0;2;;;-1;3;Autocarro inferiore 35 q.;In marcia / fermata / arresto;Conducente;M;Illeso;0;;Non accertato;Inesistente
1699143;18;08/08/2006 08:00;Strada Urbana;LARGO DI BOCCEA;in corrispondenza;;del civico n. ;1/a;;Veicolo in marcia contro veicolo fermo;Rettilineo;Una carreggiata a doppio senso;Asciutto;Asfaltata;Verticale ed orizzontale;Sereno;Scarso;Buona;Ore Diurne;1;0;0;1;;;-1;1;Motociclo a solo;In marcia / fermata / arresto;Conducente;M;Rimandato;0;NON DECEDUTO;Non accertato;Inesistente
1699143;18;08/08/2006 08:00;Strada Urbana;LARGO DI BOCCEA;in corrispondenza;;del civico n. ;1/a;;Veicolo in marcia contro veicolo fermo;Rettilineo;Una carreggiata a doppio senso;Asciutto;Asfaltata;Verticale ed orizzontale;Sereno;Scarso;Buona;Ore Diurne;1;0;0;1;;;-1;2;Autovettura privata;In marcia / fermata / arresto;Conducente;F;Illeso;0;;Non accertato;Inesistente
1699331;17;11/08/2006 12:00;Strada Urbana;VIALE DEI BASTIONI DI MICHELANGELO;all'intersezione con;VIA GERMANICO;VIA GERMANICO;;;Scontro frontale/laterale SX fra veicoli in marcia;Incrocio;Una carreggiata a doppio senso;Asciutto;Asfaltata;Verticale ed orizzontale;Sereno;Normale;Buona;Ore Diurne;1;0;0;1;;;-1;1;Autovettura privata;In marcia / fermata / arresto;Conducente;F;Illeso;0;;Non accertato;Inesistente
1699331;17;11/08/2006 12:00;Strada Urbana;VIALE DEI BASTIONI DI MICHELANGELO;all'intersezione con;VIA GERMANICO;VIA GERMANICO;;;Scontro frontale/laterale SX fra veicoli in marcia;Incrocio;Una carreggiata a doppio senso;Asciutto;Asfaltata;Verticale ed orizzontale;Sereno;Normale;Buona;Ore Diurne;1;0;0;1;;;-1;2;Ciclomotore;In marcia / fermata / arresto;Conducente;M;Rimandato;0;NON DECEDUTO;Non accertato;Inesistente
1699332;17;11/08/2006 20:15;Strada Urbana;VIA DEGLI SCIPIONI;all'intersezione con;VIA DUILIO;VIA DUILIO;;;Scontro frontale/laterale DX fra veicoli in marcia;Incrocio;Una carreggiata a doppio senso;Asciutto;Asfaltata;Verticale ed orizzontale;Sereno;Normale;Sufficiente;Sufficiente;2;0;0;1;;;-1;1;Autovettura privata;In marcia / fermata / arresto;Conducente;F;Illeso;0;;Utilizzato;Inesploso
1699332;17;11/08/2006 20:15;Strada Urbana;VIA DEGLI SCIPIONI;all'intersezione con;VIA DUILIO;VIA DUILIO;;;Scontro frontale/laterale DX fra veicoli in marcia;Incrocio;Una carreggiata a doppio senso;Asciutto;Asfaltata;Verticale ed orizzontale;Sereno;Normale;Sufficiente;Sufficiente;2;0;0;1;;;-1;2;Motociclo a solo;In marcia / fermata / arresto;Conducente;M;Rimandato;0;NON DECEDUTO;Utilizzato;Inesistente
1699332;17;11/08/2006 20:15;Strada Urbana;VIA DEGLI SCIPIONI;all'intersezione con;VIA DUILIO;VIA DUILIO;;;Scontro frontale/laterale DX fra veicoli in marcia;Incrocio;Una carreggiata a doppio senso;Asciutto;Asfaltata;Verticale ed orizzontale;Sereno;Normale;Sufficiente;Sufficiente;2;0;0;1;;;-1;2;Motociclo a solo;In marcia / fermata / arresto;Passeggero;F;Rimandato;0;NON DECEDUTO;Non accertato;Inesistente
1699333;17;12/08/2006 14:30;Strada Urbana;VIA VIRGINIO ORSINI;all'intersezione con;VIA DEGLI SCIPIONI;VIA DEGLI SCIPIONI;;;Scontro frontale/laterale SX fra veicoli in marcia;Incrocio;Una carreggiata a senso unico di marcia;Asciutto;Asfaltata;Verticale ed orizzontale;Sereno;Scarso;Buona;Ore Diurne;1;0;0;1;;;-1;1;Autovettura privata;In marcia / fermata / arresto;Conducente;M;Illeso;0;;Non accertato;Inesistente
1699333;17;12/08/2006 14:30;Strada Urbana;VIA VIRGINIO ORSINI;all'intersezione con;VIA DEGLI SCIPIONI;VIA DEGLI SCIPIONI;;;Scontro frontale/laterale SX fra veicoli in marcia;Incrocio;Una carreggiata a senso unico di marcia;Asciutto;Asfaltata;Verticale ed orizzontale;Sereno;Scarso;Buona;Ore Diurne;1;0;0;1;;;-1;2;Ciclomotore;In marcia / fermata / arresto;Conducente;M;Rimandato;0;NON DECEDUTO;Non accertato;Inesistente
1699337;17;07/08/2006 17:10;Strada Urbana;VIA TRIONFALE;all'intersezione con;VIA RODI;VIA RODI;;;Scontro frontale/laterale SX fra veicoli in marcia;Incrocio;Una carreggiata a doppio senso;Asciutto;Asfaltata;Verticale ed orizzontale;Sereno;Normale;Buona;Ore Diurne;0;0;0;5;;;-1;1;Autovettura privata;In marcia / fermata / arresto;Conducente;F;Illeso;0;;Utilizzato;Inesistente
1699337;17;07/08/2006 17:10;Strada Urbana;VIA TRIONFALE;all'intersezione con;VIA RODI;VIA RODI;;;Scontro frontale/laterale SX fra veicoli in marcia;Incrocio;Una carreggiata a doppio senso;Asciutto;Asfaltata;Verticale ed orizzontale;Sereno;Normale;Buona;Ore Diurne;0;0;0;5;;;-1;2;Autovettura privata;In marcia / fermata / arresto;Conducente;M;Illeso;0;;Utilizzato;Inesistente
1699337;17;07/08/2006 17:10;Strada Urbana;VIA TRIONFALE;all'intersezione con;VIA RODI;VIA RODI;;;Scontro frontale/laterale SX fra veicoli in marcia;Incrocio;Una carreggiata a doppio senso;Asciutto;Asfaltata;Verticale ed orizzontale;Sereno;Normale;Buona;Ore Diurne;0;0;0;5;;;-1;2;Autovettura privata;In marcia / fermata / arresto;Passeggero;F;Illeso;0;;Utilizzato;Inesistente
1699337;17;07/08/2006 17:10;Strada Urbana;VIA TRIONFALE;all'intersezione con;VIA RODI;VIA RODI;;;Scontro frontale/laterale SX fra veicoli in marcia;Incrocio;Una carreggiata a doppio senso;Asciutto;Asfaltata;Verticale ed orizzontale;Sereno;Normale;Buona;Ore Diurne;0;0;0;5;;;-1;2;Autovettura privata;In marcia / fermata / arresto;Passeggero;M;Illeso;0;;Utilizzato;Inesistente
1699337;17;07/08/2006 17:10;Strada Urbana;VIA TRIONFALE;all'intersezione con;VIA RODI;VIA RODI;;;Scontro frontale/laterale SX fra veicoli in marcia;Incrocio;Una carreggiata a doppio senso;Asciutto;Asfaltata;Verticale ed orizzontale;Sereno;Normale;Buona;Ore Diurne;0;0;0;5;;;-1;2;Autovettura privata;In marcia / fermata / arresto;Passeggero;F;Illeso;0;;Esente;Inesistente
1699338;17;08/08/2006 09:00;Strada Urbana;PIAZZA DEL RISORGIMENTO;in prossimità;;del civico n. ;46/A;;Investimento di pedone;Rettilineo;Una carreggiata a senso unico di marcia;Asciutto;Asfaltata;Verticale ed orizzontale;Sereno;Normale;Buona;Ore Diurne;1;0;0;1;;;-1;;;;Pedone;F;Rimandato;0;NON DECEDUTO;;
1699338;17;08/08/2006 09:00;Strada Urbana;PIAZZA DEL RISORGIMENTO;in prossimità;;del civico n. ;46/A;;Investimento di pedone;Rettilineo;Una carreggiata a senso unico di marcia;Asciutto;Asfaltata;Verticale ed orizzontale;Sereno;Normale;Buona;Ore Diurne;1;0;0;1;;;-1;1;Motociclo a solo;In marcia / fermata / arresto;Conducente;M;Illeso;0;;Non accertato;Inesistente
1699339;17;09/08/2006 15:05;Strada Urbana;VIA FRANCESCO SIVORI;all'intersezione con;VIA MARCANTONIO BRAGADIN;VIA MARCANTONIO BRAGADIN;;;Scontro frontale/laterale DX fra veicoli in marcia;Incrocio;Una carreggiata a doppio senso;Asciutto;Asfaltata;Verticale ed orizzontale;Nuvoloso;Normale;Buona;Ore Diurne;0;0;0;2;;;-1;1;Autovettura privata;In marcia / fermata / arresto;Conducente;F;Illeso;0;;Utilizzato;Inesploso
1699339;17;09/08/2006 15:05;Strada Urbana;VIA FRANCESCO SIVORI;all'intersezione con;VIA MARCANTONIO BRAGADIN;VIA MARCANTONIO BRAGADIN;;;Scontro frontale/laterale DX fra veicoli in marcia;Incrocio;Una carreggiata a doppio senso;Asciutto;Asfaltata;Verticale ed orizzontale;Nuvoloso;Normale;Buona;Ore Diurne;0;0;0;2;;;-1;2;Autovettura pubblica;In marcia / fermata / arresto;Conducente;M;Illeso;0;;Esente;Inesploso
1699340;17;11/08/2006 10:10;Strada Urbana;VIA FABIO MASSIMO;all'intersezione con;VIA DEGLI SCIPIONI;VIA DEGLI SCIPIONI;;;Scontro frontale/laterale SX fra veicoli in marcia;Incrocio;Una carreggiata a senso unico di marcia;Asciutto;Asfaltata;Verticale ed orizzontale;Sereno;Normale;Buona;Ore Diurne;2;0;0;1;;;-1;1;Autovettura privata;In marcia / fermata / arresto;Conducente;F;Illeso;0;;Non accertato;Inesistente
1699340;17;11/08/2006 10:10;Strada Urbana;VIA FABIO MASSIMO;all'intersezione con;VIA DEGLI SCIPIONI;VIA DEGLI SCIPIONI;;;Scontro frontale/laterale SX fra veicoli in marcia;Incrocio;Una carreggiata a senso unico di marcia;Asciutto;Asfaltata;Verticale ed orizzontale;Sereno;Normale;Buona;Ore Diurne;2;0;0;1;;;-1;2;Motociclo a solo;In marcia / fermata / arresto;Conducente;M;Rimandato;0;NON DECEDUTO;Non accertato;Inesistente
1699340;17;11/08/2006 10:10;Strada Urbana;VIA FABIO MASSIMO;all'intersezione con;VIA DEGLI SCIPIONI;VIA DEGLI SCIPIONI;;;Scontro frontale/laterale SX fra veicoli in marcia;Incrocio;Una carreggiata a senso unico di marcia;Asciutto;Asfaltata;Verticale ed orizzontale;Sereno;Normale;Buona;Ore Diurne;2;0;0;1;;;-1;3;Motociclo a solo;In marcia / fermata / arresto;Conducente;M;Rimandato;0;NON DECEDUTO;Non accertato;Inesistente
1699341;17;13/08/2006 15:45;Strada Urbana;VIA ALBERICO II;all'intersezione con;VIA FRANCESCO CANCELLIERI;VIA FRANCESCO CANCELLIERI;;;Scontro frontale/laterale DX fra veicoli in marcia;Incrocio;Una carreggiata a senso unico di marcia;Asciutto;Acciotolata;Verticale ed orizzontale;Sereno;Scarso;Buona;Ore Diurne;4;0;0;1;;;-1;1;Autovettura privata;In marcia / fermata / arresto;Conducente;F;Rimandato;0;NON DECEDUTO;Non accertato;Inesistente